<?xml version="1.0" encoding="UTF-8" standalone="yes"?>
<addon id="service.subtitles.customizer" name="Customizer" version="0.0.2" provider-name="i96751414">
    <requires>
        <!--<import addon="xbmc.python" version="3.0.0"/>-->
    </requires>
    <extension point="xbmc.subtitle.module" library="service.py"/>
    <extension point="xbmc.python.module" library="lib"/>
    <extension point="xbmc.addon.metadata">
        <summary>Customizer</summary>
        <description lang="en">Subtitle customizer for Kodi.</description>
        <platform>all</platform>
        <language>en</language>
        <license>GNU GENERAL PUBLIC LICENSE. Version 2, June 1991</license>
        <website>https://github.com/i96751414/service.subtitles.customizer</website>
        <news>
        </news>
        <assets>
            <icon>icon.png</icon>
            <screenshot>resources/img/screenshot_1.png</screenshot>
            <screenshot>resources/img/screenshot_2.png</screenshot>
            <screenshot>resources/img/screenshot_3.png</screenshot>
            <screenshot>resources/img/screenshot_4.png</screenshot>
        </assets>
        <source>https://github.com/i96751414/service.subtitles.customizer</source>
    </extension>
</addon>
