<?xml version="1.0" encoding="UTF-8" standalone="yes"?>
<addon id="plugin.audio.tuneinradio" name="[COLOR aqua]TuneIn Radio K19[/COLOR]" version="4.0.2" provider-name="joaconigro">
	<requires>
		<import addon="xbmc.python" version="3.0.0"/>
		<import addon="script.module.simplejson" version="3.17.0"/>
		<!-- <import addon="script.module.web-pdb" /> -->
	</requires>
	<extension point="xbmc.python.pluginsource" library="addon.py">
		<provides>audio</provides>
	</extension>
	<extension point="xbmc.addon.metadata">
        <language>en es</language>
        <platform>all</platform>
        <forum></forum>
        <website>https://github.com/joaconigro/plugin.audio.tuneinradio</website>
        <email>joaquinnigro@gmail.com</email>
		<summary lang="en_GB">TuneIn Radio</summary>
		<summary lang="es_ES">TuneIn Radio</summary>
		<description lang="en_GB">TuneIn Radio is a free service that lets you listen to anything in the world from wherever you are. Whether you want to hear music, sports, news or current events. TuneIn Radio offers over 50,000 stations for you to choose from. From finding local stations to discovering new stations from around the world, TuneIn Radio brings you to where you want to be.</description>
		<description lang="es_ES">TuneIn Radio es un servicio gratuito que te permite escuchar cualquier cosa del mundo desde donde te encuentres. Si deseas escuchar música, deportes, noticias o eventos actuales. TuneIn Radio ofrece más de 50,000 estaciones radiales para escoger, desde estaciones locales hasta descubrir nuevas estaciones alrededor del mundo, TuneIn Radio te lleva a donde tu quieras estar.</description>
		<license>MIT</license>
		<website>https://github.com/joaconigro/plugin.audio.tuneinradio</website>
		<source>https://github.com/joaconigro/plugin.audio.tuneinradio</source>
		<assets>
        	<icon>icon.png</icon>
        	<fanart>fanart.jpg</fanart>
    	</assets>
	</extension>	
</addon>
